{"cameraMode":{"drawMode":0,"name":"Shaded","section":"Shading Mode"},"sceneLighting":true,"audioPlay":false,"sceneViewState":{"m_AlwaysRefresh":false,"showFog":true,"showSkybox":true,"showFlares":true,"showImageEffects":true,"showParticleSystems":true,"showVisualEffectGraphs":true,"m_FxEnabled":true},"in2DMode":false,"pivot":{"x":-6.257299423217773,"y":2.6080265045166017,"z":1.0065938234329224},"rotation":{"x":0.10192032903432846,"y":0.7403051257133484,"z":-0.11529595404863358,"w":0.6544212698936462},"size":0.8660253882408142,"orthographic":false}