{"cameraMode":{"drawMode":0,"name":"Shaded","section":"Shading Mode"},"sceneLighting":false,"audioPlay":false,"sceneViewState":{"m_AlwaysRefresh":false,"showFog":false,"showSkybox":false,"showFlares":false,"showImageEffects":false,"showParticleSystems":false,"showVisualEffectGraphs":true,"m_FxEnabled":true},"in2DMode":false,"pivot":{"x":-0.055346906185150149,"y":0.824129581451416,"z":0.0972108244895935},"rotation":{"x":0.15292862057685853,"y":0.6933165192604065,"z":-0.15431120991706849,"w":0.6871044635772705},"size":1.304306149482727,"orthographic":false}